ticker,name,Sector,SubIndustry,Address,tech
A,Agilent Technologies Inc,Health Care,Health Care Equipment & Services,"Santa Clara, California",0
AA,Alcoa Inc,Materials,Aluminum,"New York, New York",0
AAPL,Apple Inc.,Information Technology,Computer Hardware,"Cupertino, California",0
ABBV,AbbVie,Health Care,Pharmaceuticals,"North Chicago, Illinois",0
ABC,AmerisourceBergen Corp,Health Care,Health Care Distribution & Services,"Chesterbrook, Pennsylvania",0
ABT,Abbott Laboratories,Health Care,Health Care Equipment & Services,"North Chicago, Illinois",0
ACE,ACE Limited,Financials,Property & Casualty Insurance,"Zurich, Switzerland",0
ACN,Accenture plc,Information Technology,IT Consulting & Services,"Dublin, Ireland",0
ACT,Actavis plc,Health Care,Pharmaceuticals,"Parsippany, New Jersey",0
ADBE,Adobe Systems Inc,Information Technology,Application Software,"San Jose, California",0
ADI,"Analog Devices, Inc.",Information Technology,Semiconductors,"Norwood, Massachusetts",0
ADM,Archer-Daniels-Midland Co,Consumer Staples,Agricultural Products,"Decatur, Illinois",0
ADP,Automatic Data Processing,Information Technology,Internet Software & Services,"Roseland, New Jersey",1
ADSK,Autodesk Inc,Information Technology,Application Software,"San Rafael, California",0
ADT,ADT Corp,Industrials,Diversified Commercial Services,"Boca Raton, Florida",0
AEE,Ameren Corp,Utilities,Multi-Utilities & Unregulated Power,"St. Louis, Missouri",0
AEP,American Electric Power,Utilities,Electric Utilities,"Columbus, Ohio",0
AES,AES Corp,Utilities,Electric Utilities,"Arlington, Virginia",0
AET,Aetna Inc,Health Care,Managed Health Care,"Hartford, Connecticut",0
AFL,AFLAC Inc,Financials,Life & Health Insurance,"Columbus, Georgia",0
AGN,Allergan Inc,Health Care,Pharmaceuticals,"Irvine, California",0
AIG,American Intl Group Inc,Financials,Property & Casualty Insurance,"New York, New York",0
AIV,Apartment Investment & Mgmt,Financials,REITs,"Denver, Colorado",0
AIZ,Assurant Inc,Financials,Multi-line Insurance,"New York, New York",0
AKAM,Akamai Technologies Inc,Information Technology,Internet Software & Services,"Cambridge, Massachusetts",1
ALL,Allstate Corp,Financials,Property & Casualty Insurance,"Northfield Township, Illinois",0
ALTR,Altera Corp,Information Technology,Semiconductors,"San Jose, California",0
ALXN,Alexion Pharmaceuticals,Health Care,Biotechnology,"Cheshire, Connecticut",0
AMAT,Applied Materials Inc,Information Technology,Semiconductor Equipment,"Santa Clara, California",0
AMD,Advanced Micro Devices,Information Technology,Semiconductors,"Sunnyvale, California",0
AMGN,Amgen Inc,Health Care,Biotechnology,"Thousand Oaks, California",0
AMP,Ameriprise Financial,Financials,Diversified Financial Services,"Minneapolis, Minnesota",0
AMT,American Tower Corp A,Financials,REITs,"Boston, Massachusetts",0
AMZN,Amazon.com Inc,Consumer Discretionary,Internet Retail,"Seattle, Washington",1
AN,AutoNation Inc,Consumer Discretionary,Specialty Stores,"Fort Lauderdale, Florida",0
ANF,Abercrombie & Fitch,Consumer Discretionary,"Apparel, Accessories & Luxury Goods","New Albany, Ohio",0
AON,Aon plc,Financials,Insurance Brokers,"London, United Kingdom",0
APA,Apache Corporation,Energy,Oil & Gas Exploration & Production,"Houston, Texas",0
APC,Anadarko Petroleum Corp,Energy,Oil & Gas Exploration & Production,"The Woodlands, Texas",0
APD,Air Products & Chemicals Inc,Materials,Industrial Gases,"Allentown, Pennsylvania",0
APH,Amphenol Corp A,Industrials,Electrical Components & Equipment,"Wallingford, Connecticut",0
ARG,Airgas Inc,Materials,Industrial Gases,"Radnor, Pennsylvania",0
ATI,Allegheny Technologies Inc,Materials,Diversified Metals & Mining,"Pittsburgh, Pennsylvania",0
AVB,"AvalonBay Communities, Inc.",Financials,REITs,"Arlington, Virginia [1]",0
AVP,Avon Products,Consumer Staples,Personal Products,"New York, New York",0
AVY,Avery Dennison Corp,Materials,,"Pasadena, California",0
AXP,American Express Co,Financials,Consumer Finance,"New York, New York",0
AZO,AutoZone Inc,Consumer Discretionary,Specialty Stores,"Memphis, Tennessee",0
BA,Boeing Company,Industrials,Aerospace & Defense,"Chicago, Illinois",0
BAC,Bank of America Corp,Financials,Banks,"Charlotte, North Carolina",0
BAX,Baxter International Inc.,Health Care,Health Care Equipment & Services,"Deerfield, Illinois",0
BBBY,Bed Bath & Beyond,Consumer Discretionary,Specialty Stores,"Union, New Jersey",0
BBT,BB&T Corporation,Financials,Banks,"Winston-Salem, North Carolina",0
BBY,Best Buy Co. Inc.,Consumer Discretionary,Computer & Electronics Retail,"Richfield, Minnesota",0
BCR,Bard (C.R.) Inc.,Health Care,Health Care Equipment & Services,"Murray Hill, New Jersey",0
BDX,Becton Dickinson,Health Care,Health Care Equipment & Services,"Franklin Lakes, New Jersey",0
BEAM,Beam Inc.,Consumer Staples,Distillers & Vintners,"Deerfield, Illinois",0
BEN,Franklin Resources,Financials,Diversified Financial Services,"San Mateo, California",0
BF.B,Brown-Forman Corporation,Consumer Staples,Distillers & Vintners,"Louisville, Kentucky",0
BHI,Baker Hughes Inc,Energy,Oil & Gas Equipment & Services,"Houston, Texas",0
BIIB,BIOGEN IDEC Inc.,Health Care,Biotechnology,"Weston, Massachusetts",0
BK,The Bank of New York Mellon Corp.,Financials,Banks,"New York, New York",0
BLK,BlackRock,Financials,Diversified Financial Services,"New York, New York",0
BLL,Ball Corp,Materials,Metal & Glass Containers,"Broomfield, Colorado",0
BMS,Bemis Company,Materials,Paper Packaging,"Neenah, Wisconsin",0
BMY,Bristol-Myers Squibb,Health Care,Health Care Distributors & Services,"New York, New York",0
BRCM,Broadcom Corporation,Information Technology,Semiconductors,"Irvine, California",0
BRK.B,Berkshire Hathaway,Financials,Multi-Sector Holdings,"Omaha, Nebraska",0
BSX,Boston Scientific,Health Care,Health Care Equipment & Services,"Natick, Massachusetts",0
BTU,Peabody Energy,Energy,Oil & Gas Exploration & Production,"St. Louis, Missouri",0
BWA,BorgWarner,Consumer Discretionary,Auto Parts & Equipment,"Auburn Hills, Michigan",0
BXP,Boston Properties,Financials,REITs,"Boston, Massachusetts",0
C,Citigroup Inc.,Financials,Banks,"New York, New York",0
CA,"CA, Inc.",Information Technology,Systems Software,"Islandia, New York",1
CAG,ConAgra Foods Inc.,Consumer Staples,Packaged Foods & Meats,"Omaha, Nebraska",0
CAH,Cardinal Health Inc.,Health Care,Health Care Distributors & Services,"Dublin, Ohio",0
CAM,Cameron International Corp.,Energy,Oil & Gas Equipment & Services,"Houston, Texas",0
CAT,Caterpillar Inc.,Industrials,Construction & Farm Machinery & Heavy Trucks,"Peoria, Illinois",0
CB,Chubb Corp.,Financials,Property & Casualty Insurance,"Warren, New Jersey",0
CBG,CBRE Group,Financials,Real Estate Management & Development,"Los Angeles, California",0
CBS,CBS Corp.,Consumer Discretionary,Broadcasting & Cable TV,"New York, New York",0
CCE,Coca-Cola Enterprises,Consumer Staples,Soft Drinks,"Atlanta, Georgia",0
CCI,Crown Castle International Corp.,Telecommunications Services,Wireless Telecommunications Services,"Houston, Texas",0
CCL,Carnival Corp.,Consumer Discretionary,"Hotels, Resorts & Cruise Lines","Miami, Florida",0
CELG,Celgene Corp.,Health Care,Biotechnology,"Summit, New Jersey",0
CERN,Cerner,Health Care,Health Care Distributors & Services,"North Kansas City, Missouri",0
CF,CF Industries Holdings Inc,Materials,Fertilizers & Agricultural Chemicals,"Deerfield, Illinois",0
CFN,Carefusion,Health Care,Health Care Equipment & Services,"San Diego, California [2]",0
CHK,Chesapeake Energy,Energy,Integrated Oil & Gas,"Oklahoma City, Oklahoma",0
CHRW,C. H. Robinson Worldwide,Industrials,Air Freight & Logistics,"Eden Prairie, Minnesota",0
CI,CIGNA Corp.,Health Care,Managed Health Care,"Philadelphia, Pennsylvania",0
CINF,Cincinnati Financial,Financials,Property & Casualty Insurance,"Fairfield, Ohio",0
CL,Colgate-Palmolive,Consumer Staples,Household Products,"New York, New York",0
CLF,Cliffs Natural Resources,Materials,Diversified Metals & Mining,"Cleveland, Ohio",0
CLX,The Clorox Company,Consumer Staples,Household Products,"Oakland, California",0
CMA,Comerica Inc.,Financials,Banks,"Dallas, Texas",0
CMCSA,Comcast Corp.,Consumer Discretionary,Broadcasting & Cable TV,"Philadelphia, Pennsylvania",0
CME,CME Group Inc.,Financials,Diversified Financial Services,"Chicago, Illinois",0
CMG,Chipotle Mexican Grill,Consumer Discretionary,Restaurants,"Denver, Colorado",0
CMI,Cummins Inc.,Industrials,Industrial Machinery,"Columbus, Indiana",0
CMS,CMS Energy,Utilities,Multi-Utilities & Unregulated Power,"Jackson, Michigan",0
CNP,CenterPoint Energy,Utilities,Multi-Utilities & Unregulated Power,"Houston, Texas",0
CNX,CONSOL Energy Inc.,Energy,Oil & Gas Exploration & Production,"Cecil Township, Pennsylvania",0
COF,Capital One Financial,Financials,Consumer Finance,"Tysons Corner, Virginia",0
COG,Cabot Oil & Gas,Energy,Oil & Gas Exploration & Production,"Houston, Texas",0
COH,Coach Inc.,Consumer Discretionary,"Apparel, Accessories & Luxury Goods","New York, New York",0
COL,Rockwell Collins,Industrials,Industrial Conglomerates,"Cedar Rapids, Iowa",0
COP,ConocoPhillips,Energy,Integrated Oil & Gas,"Houston, Texas",0
COST,Costco Co.,Consumer Staples,Hypermarkets & Super Centers,"Issaquah, Washington",0
COV,Covidien plc,Health Care,Health Care Equipment & Services,"Dublin, Ireland",0
CPB,Campbell Soup,Consumer Staples,Packaged Foods & Meats,"Camden, New Jersey",0
CRM,Salesforce.com,Information Technology,Internet Software & Services,"San Francisco, California",1
CSC,Computer Sciences Corp.,Information Technology,IT Consulting & Services,"Falls Church, Virginia",1
CSCO,Cisco Systems,Information Technology,Networking Equipment,"San Jose, California",0
CSX,CSX Corp.,Industrials,Railroads,"Jacksonville, Florida",0
CTAS,Cintas Corporation,Industrials,Diversified Commercial Services,"Mason, Ohio",0
CTL,CenturyLink Inc,Telecommunications Services,Integrated Telecommunications Services,"Monroe, Louisiana",0
CTSH,Cognizant Technology Solutions,Information Technology,IT Consulting & Services,"Teaneck, New Jersey",1
CTXS,Citrix Systems,Information Technology,Internet Software & Services,"Fort Lauderdale, Florida",1
CVC,Cablevision Systems Corp.,Consumer Discretionary,Broadcasting & Cable TV,"Bethpage, New York",0
CVS,CVS Caremark Corp.,Consumer Staples,Drug Retail,"Woonsocket, Rhode Island",0
CVX,Chevron Corp.,Energy,Integrated Oil & Gas,"San Ramon, California",0
D,Dominion Resources,Utilities,Multi-Utilities & Unregulated Power,"Richmond, Virginia",0
DAL,Delta Air Lines,Industrials,Airlines,"Atlanta, Georgia",0
DD,Du Pont (E.I.),Materials,Diversified Chemicals,"Wilmington, Delaware",0
DE,Deere & Co.,Industrials,Construction & Farm Machinery & Heavy Trucks,"Moline, Illinois",0
DELL,Dell Inc.,Information Technology,Computer Hardware,"Round Rock, Texas",0
DFS,Discover Financial Services,Financials,Consumer Finance,"Riverwoods, Illinois",0
DG,Dollar General,Consumer Discretionary,General Merchandise Stores,"Goodlettsville, Tennessee",0
DGX,Quest Diagnostics,Health Care,Health Care Facilities,"Madison, New Jersey",0
DHI,D. R. Horton,Consumer Discretionary,Construction,"Fort Worth, Texas",0
DHR,Danaher Corp.,Industrials,Industrial Machinery,Washington D.C,0
DIS,The Walt Disney Company,Consumer Discretionary,Broadcasting & Cable TV,"Burbank, California",0
DISCA,Discovery Communications,Consumer Discretionary,Broadcasting & Cable TV,"Silver Spring, Maryland",0
DLPH,Delphi Automotive,Consumer Discretionary,Auto Parts & Equipment,"Gillingham, Kent, United Kingdom",0
DLTR,Dollar Tree,Consumer Discretionary,General Merchandise Stores,"Chesapeake, Virginia",0
DNB,Dun & Bradstreet,Industrials,Data Processing Services,"Short Hills, New Jersey",0
DNR,Denbury Resources Inc.,Energy,Oil & Gas Exploration & Production,"Plano, Texas",0
DO,Diamond Offshore Drilling,Energy,Oil & Gas Drilling,"Houston, Texas",0
DOV,Dover Corp.,Industrials,Industrial Machinery,"Downers Grove, Illinois",0
DOW,Dow Chemical,Materials,Diversified Chemicals,"Midland, Michigan",0
DPS,Dr Pepper Snapple Group,Consumer Staples,Soft Drinks,"Plano, Texas",0
DRI,Darden Restaurants,Consumer Discretionary,Restaurants,"Orlando, Florida",0
DTE,DTE Energy Co.,Utilities,Multi-Utilities & Unregulated Power,"Detroit, Michigan",0
DTV,DirecTV,Consumer Discretionary,Broadcasting & Cable TV,"El Segundo, California",0
DUK,Duke Energy,Utilities,Electric Utilities,"Charlotte, North Carolina",0
DVA,DaVita Inc.,Health Care,Health Care Facilities,"Denver, Colorado",0
DVN,Devon Energy Corp.,Energy,Oil & Gas Exploration & Production,"Oklahoma City, Oklahoma",0
EA,Electronic Arts,Information Technology,Application Software,"Redwood City, California",0
EBAY,eBay Inc.,Information Technology,Internet Software & Services,"San Jose, California",1
ECL,Ecolab Inc.,Materials,Specialty Chemicals,"St. Paul, Minnesota",0
ED,Consolidated Edison,Utilities,Multi-Utilities & Unregulated Power,"New York, New York",0
EFX,Equifax Inc.,Financials,Diversified Financial Services,"Atlanta, Georgia",0
EIX,Edison Int'l,Utilities,Multi-Utilities & Unregulated Power,"Rosemead, California",0
EL,Estee Lauder Cos.,Consumer Staples,Personal Products,"New York, New York",0
EMC,EMC Corp.,Information Technology,IT Consulting & Services,"Hopkinton, Massachusetts",1
EMN,Eastman Chemical,Materials,Diversified Chemicals,"Kingsport, Tennessee",0
EMR,Emerson Electric,Industrials,Industrial Conglomerates,"Ferguson, Missouri",0
EOG,EOG Resources,Energy,Oil & Gas Exploration & Production,"Houston, Texas",0
EQR,Equity Residential,Financials,REITs,"Chicago, Illinois",0
EQT,EQT Corporation,Energy,,"Pittsburgh, Pennsylvania",0
ESRX,Express Scripts,Health Care,Health Care Distributors & Services,"Cool Valley, Missouri",0
ESV,Ensco plc,Energy,Oil & Gas Drilling,"London, United Kingdom",0
ETFC,E-Trade,Financials,Diversified Financial Services,"New York, New York",0
ETN,Eaton Corp.,Industrials,Industrial Conglomerates,"Cleveland, Ohio",0
ETR,Entergy Corp.,Utilities,Electric Utilities,"New Orleans, Louisiana",0
EW,Edwards Lifesciences,Health Care,Health Care Equipment & Services,"Irvine, California",0
EXC,Exelon Corp.,Utilities,Multi-Utilities & Unregulated Power,"Chicago, Illinois",0
EXPD,Expeditors Int'l,Industrials,Air Freight & Logistics,"Seattle, Washington",0
EXPE,Expedia Inc.,Consumer Discretionary,"Hotels, Resorts & Cruise Lines","Bellevue, Washington",0
F,Ford Motor,Consumer Discretionary,Automobile Manufacturers,"Dearborn, Michigan",0
FAST,Fastenal Co,Industrials,Building Products,"Winona, Minnesota",0
FCX,Freeport-McMoran Cp & Gld,Materials,Diversified Metals & Mining,"Phoenix, Arizona",0
FDO,Family Dollar Stores,Consumer Discretionary,General Merchandise Stores,"Matthews, North Carolina",0
FDX,FedEx Corporation,Industrials,Air Freight & Logistics,"Memphis, Tennessee",0
FE,FirstEnergy Corp,Utilities,Multi-Utilities & Unregulated Power,"Akron, Ohio",0
FFIV,F5 Networks,Information Technology,Networking Equipment,"Seattle, Washington",0
FIS,Fidelity National Information Services,Information Technology,Internet Software & Services,"Jacksonville, Florida",1
FISV,Fiserv Inc,Information Technology,Internet Software & Services,"Brookfield, Wisconsin",1
FITB,Fifth Third Bancorp,Financials,Banks,"Cincinnati, Ohio",0
FLIR,FLIR Systems,Industrials,Aerospace & Defense,"Wilsonville, Oregon",0
FLR,Fluor Corp.,Industrials,Diversified Commercial Services,"Irving, Texas",0
FLS,Flowserve Corporation,Industrials,Industrial Machinery,"Irving, Texas",0
FMC,FMC Corporation,Materials,Diversified Chemicals,"Philadelphia, Pennsylvania",0
FOSL,"Fossil, Inc.",Consumer Discretionary,"Apparel, Accessories & Luxury Goods","Richardson, Texas",0
FOXA,Twenty-First Century Fox,Consumer Discretionary,Publishing,"New York, New York",0
FRX,Forest Laboratories,Health Care,Pharmaceuticals,"New York, New York",0
FSLR,First Solar Inc,Industrials,Heavy Electrical Equipment,"Tempe, Arizona",0
FTI,FMC Technologies Inc.,Energy,Oil & Gas Equipment & Services,"Houston, Texas",0
FTR,Frontier Communications,Telecommunications Services,Integrated Telecommunications Services,"Stamford, Connecticut",0
GAS,AGL Resources Inc.,Utilities,Gas Utilities,"Atlanta, Georgia",0
GCI,Gannett Co.,Consumer Discretionary,Publishing,"McLean, Virginia",0
GD,General Dynamics,Industrials,Aerospace & Defense,"Falls Church, Virginia",0
GE,General Electric,Industrials,Industrial Conglomerates,"Fairfield, Connecticut",0
GILD,Gilead Sciences,Health Care,Biotechnology,"Foster City, California",0
GIS,General Mills,Consumer Staples,Packaged Foods & Meats,"Golden Valley, Minnesota",0
GLW,Corning Inc.,Industrials,Construction & Engineering,"Corning, New York",0
GM,General Motors,Consumer Discretionary,Automobile Manufacturers,"Detroit, Michigan",0
GME,GameStop Corp.,Consumer Discretionary,Specialty Stores,"Grapevine, Texas",0
GNW,Genworth Financial Inc.,Financials,Life & Health Insurance,"Richmond, Virginia",0
GOOG,Google Inc.,Information Technology,Internet Software & Services,"Mountain View, California",1
GPC,Genuine Parts,Consumer Discretionary,Specialty Stores,"Atlanta, Georgia",0
GPS,Gap (The),Consumer Discretionary,Apparel Retail,"San Francisco, California",0
GRMN,Garmin Ltd.,Consumer Discretionary,Consumer Electronics,"Schaffhausen, Switzerland",0
GS,Goldman Sachs Group,Financials,Diversified Financial Services,"New York, New York",0
GT,Goodyear Tire & Rubber,Consumer Discretionary,Tires & Rubber,"Akron, Ohio",0
GWW,Grainger (W.W.) Inc.,Industrials,Industrial Materials,"Lake Forest, Illinois",0
HAL,Halliburton Co.,Energy,Oil & Gas Equipment & Services,"Houston, Texas",0
HAR,Harman Int'l Industries,Consumer Discretionary,Consumer Electronics,"Stamford, Connecticut",0
HAS,Hasbro Inc.,Consumer Discretionary,Leisure Products,"Pawtucket, Rhode Island",0
HBAN,Huntington Bancshares,Financials,Banks,"Columbus, Ohio",0
HCBK,Hudson City Bancorp,Financials,Banks,"Paramus, New Jersey",0
HCN,Health Care REIT,Financials,REITs,"Toledo, Ohio[3]",0
HCP,HCP Inc.,Financials,REITs,"Long Beach, California",0
HD,Home Depot,Consumer Discretionary,Home Improvement Retail,"Cobb County, Georgia",0
HES,Hess Corporation,Energy,Integrated Oil & Gas,"New York, New York",0
HIG,Hartford Financial Svc.Gp.,Financials,Property & Casualty Insurance,"Hartford, Connecticut",0
HOG,Harley-Davidson,Consumer Discretionary,Motorcycle Manufacturers,"Milwaukee, Wisconsin",0
HON,Honeywell Int'l Inc.,Industrials,Industrial Conglomerates,"Morristown, New Jersey",0
HOT,Starwood Hotels & Resorts,Consumer Discretionary,"Hotels, Resorts & Cruise Lines","White Plains, New York",0
HP,Helmerich & Payne,Energy,Oil & Gas Drilling,"Tulsa, Oklahoma[4]",0
HPQ,Hewlett-Packard,Information Technology,Computer Hardware,"Palo Alto, California",0
HRB,Block H&R,Financials,Consumer Finance,"Kansas City, Missouri",0
HRL,Hormel Foods Corp.,Consumer Staples,Packaged Foods & Meats,"Austin, Minnesota",0
HRS,Harris Corporation,Information Technology,Telecommunications Equipment,"Melbourne, Florida",1
HSP,Hospira Inc.,Health Care,Health Care Equipment & Services,"Lake Forest, Illinois",0
HST,Host Hotels & Resorts,Financials,REITs,"Bethesda, Maryland",0
HSY,The Hershey Company,Consumer Staples,Packaged Foods & Meats,"Hershey, Pennsylvania",0
HUM,Humana Inc.,Health Care,Managed Health Care,"Louisville, Kentucky",0
IBM,International Bus. Machines,Information Technology,IT Consulting & Services,"Armonk, New York",1
ICE,IntercontinentalExchange Inc.,Financials,Diversified Financial Services,"Atlanta, Georgia",0
IFF,Intl Flavors & Fragrances,Materials,Specialty Chemicals,"New York, New York",0
IGT,International Game Technology,Consumer Discretionary,Leisure Products,"Reno, Nevada",0
INTC,Intel Corp.,Information Technology,Semiconductors,"Santa Clara, California",0
INTU,Intuit Inc.,Information Technology,Internet Software & Services,"Mountain View, California",1
IP,International Paper,Materials,Paper Products,"Memphis, Tennessee",0
IPG,Interpublic Group,Consumer Discretionary,Advertising,"New York, New York",0
IR,Ingersoll-Rand PLC,Industrials,Industrial Conglomerates,"Dublin, Ireland",0
IRM,Iron Mountain Incorporated,Industrials,Data Processing Services,"Boston, Massachusetts",0
ISRG,Intuitive Surgical Inc.,Health Care,Health Care Equipment & Services,"Sunnyvale, California",0
ITW,Illinois Tool Works,Industrials,Industrial Machinery,"Glenview, Illinois",0
IVZ,Invesco Ltd.,Financials,Diversified Financial Services,"Atlanta, Georgia",0
JBL,Jabil Circuit,Information Technology,IT Consulting & Services,"St. Petersburg, Florida",1
JCI,Johnson Controls,Consumer Discretionary,Auto Parts & Equipment,"Milwaukee, Wisconsin",0
JCP,Penney (J.C.),Consumer Discretionary,Department Stores,"Plano, Texas",0
JDSU,JDS Uniphase Corp.,Information Technology,Telecommunications Equipment,"Milpitas, California",1
JEC,Jacobs Engineering Group,Industrials,Industrial Conglomerates,"Pasadena, California",0
JNJ,Johnson & Johnson,Health Care,Health Care Equipment & Services,"New Brunswick, New Jersey",0
JNPR,Juniper Networks,Information Technology,Networking Equipment,"Sunnyvale, California",0
JOY,Joy Global Inc.,Industrials,Industrial Machinery,"Milwaukee, Wisconsin",0
JPM,JPMorgan Chase & Co.,Financials,Banks,"New York, New York",0
JWN,Nordstrom,Consumer Discretionary,Department Stores,"Seattle, Washington",0
K,Kellogg Co.,Consumer Staples,Packaged Foods & Meats,"Battle Creek, Michigan",0
KEY,KeyCorp,Financials,Banks,"Cleveland, Ohio",0
KIM,Kimco Realty,Financials,REITs,"New Hyde Park, New York",0
KLAC,KLA-Tencor Corp.,Information Technology,Semiconductor Equipment,"Milpitas, California",0
KMB,Kimberly-Clark,Consumer Staples,Household Products,"Irving, Texas",0
KMI,Kinder Morgan,Energy,Oil & Gas Refining & Marketing & Transportation,"Houston, Texas",0
KMX,Carmax Inc,Consumer Discretionary,Specialty Stores,"Richmond, Virginia",0
KO,The Coca Cola Company,Consumer Staples,Soft Drinks,"Atlanta, Georgia",0
KR,Kroger Co.,Consumer Staples,Food Retail,"Cincinnati, Ohio",0
KRFT,Kraft Foods Group,Consumer Staples,Packaged Foods & Meats,"Northfield, Illinois",0
KSS,Kohl's Corp.,Consumer Discretionary,General Merchandise Stores,"Menomonee Falls, Wisconsin",0
KSU,Kansas City Southern,Industrials,Railroads,"Kansas City, Missouri",0
L,Loews Corp.,Financials,Multi-Sector Holdings,"New York, New York",0
LEG,Leggett & Platt,Industrials,Industrial Conglomerates,"Carthage, Missouri",0
LEN,Lennar Corp.,Consumer Discretionary,Homebuilding,"Miami, Florida",0
LH,Laboratory Corp. of America Holding,Health Care,Health Care Facilities,"Burlington, North Carolina",0
LIFE,Life Technologies,Health Care,Biotechnology,"Carlsbad, California",0
LLL,L-3 Communications Holdings,Industrials,Industrial Conglomerates,"New York, New York",0
LLTC,Linear Technology Corp.,Information Technology,Semiconductors,"Milpitas, California",0
LLY,Lilly (Eli) & Co.,Health Care,Pharmaceuticals,"Indianapolis, Indiana",0
LM,Legg Mason,Financials,Diversified Financial Services,"Baltimore, Maryland",0
LMT,Lockheed Martin Corp.,Industrials,Aerospace & Defense,"Bethesda, Maryland",0
LNC,Lincoln National,Financials,Multi-line Insurance,"Radnor, Pennsylvania",0
LO,Lorillard Inc.,Consumer Staples,Tobacco,"Greensboro, North Carolina",0
LOW,Lowe's Cos.,Consumer Discretionary,Home Improvement Retail,"Mooresville, North Carolina",0
LRCX,Lam Research,Information Technology,Semiconductor Equipment,"Fremont, California",0
LSI,LSI Corporation,Information Technology,Semiconductors,"Milpitas, California",0
LTD,L Brands Inc.,Consumer Discretionary,Apparel Retail,"Columbus, Ohio",0
LUK,Leucadia National Corp.,Financials,Multi-Sector Holdings,"New York, New York",0
LUV,Southwest Airlines,Industrials,Airlines,"Dallas, Texas",0
LYB,LyondellBasell,Materials,Diversified Chemicals,"Rotterdam, Netherlands",0
M,Macy's Inc.,Consumer Discretionary,Department Stores,"Cincinnati, Ohio",0
MA,Mastercard Inc.,Information Technology,Internet Software & Services,"Harrison, New York",1
MAC,Macerich,Financials,Retail REITs,"Santa Monica, California",0
MAR,Marriott Int'l.,Consumer Discretionary,"Hotels, Resorts & Cruise Lines","Bethesda, Maryland",0
MAS,Masco Corp.,Industrials,Building Products,"Taylor, Michigan",0
MAT,Mattel Inc.,Consumer Discretionary,Leisure Products,"El Segundo, California",0
MCD,McDonald's Corp.,Consumer Discretionary,Restaurants,"Oak Brook, Illinois",0
MCHP,Microchip Technology,Information Technology,Semiconductors,"Chandler, Arizona",0
MCK,McKesson Corp.,Health Care,Health Care Distributors & Services,"San Francisco, California",0
MCO,Moody's Corp,Financials,Diversified Financial Services,"New York, New York",0
MDLZ,Mondelez International,Consumer Staples,Packaged Foods & Meats,"Northfield, Illinois",0
MDT,Medtronic Inc.,Health Care,Health Care Equipment & Services,"Fridley, Minnesota",0
MET,MetLife Inc.,Financials,Life & Health Insurance,"New York, New York",0
MHFI,McGraw Hill Financial,Financials,Diversified Financial Services,"New York, New York",0
MJN,Mead Johnson,Consumer Staples,Packaged Foods & Meats,"Glenview, Illinois",0
MKC,McCormick & Co.,Consumer Staples,Packaged Foods & Meats,"Sparks, Maryland",0
MMC,Marsh & McLennan,Financials,Insurance Brokers,"New York, New York",0
MMM,3M Company,Industrials,Industrial Conglomerates,"St Paul, Minnesota",0
MNST,Monster Beverage,Consumer Staples,Soft Drinks,"Corona, California",0
MO,Altria Group Inc,Consumer Staples,Tobacco,"Richmond, Virginia",0
MOLX,Molex Inc.,Information Technology,Electronic Equipment & Instruments,"Lisle, Illinois",0
MON,Monsanto Co.,Materials,Fertilizers & Agricultural Chemicals,"Creve Coeur, Missouri",0
MOS,The Mosaic Company,Materials,Fertilizers & Agricultural Chemicals,"Plymouth, Minnesota",0
MPC,Marathon Petroleum,Energy,Oil & Gas Refining & Marketing & Transportation,"Findlay, Ohio",0
MRK,Merck & Co.,Health Care,Pharmaceuticals,"Whitehouse Station, New Jersey",0
MRO,Marathon Oil Corp.,Energy,Oil & Gas Exploration & Production,"Houston, Texas",0
MS,Morgan Stanley,Financials,Diversified Financial Services,"New York, New York",0
MSFT,Microsoft Corp.,Information Technology,Systems Software,"Redmond, Washington",1
MSI,Motorola Solutions Inc.,Information Technology,Telecommunications Equipment,"Schaumburg, Illinois",1
MTB,M&T Bank Corp.,Financials,Banks,"Buffalo, New York",0
MU,Micron Technology,Information Technology,Semiconductors,"Boise, Idaho",0
MUR,Murphy Oil,Energy,Integrated Oil & Gas,"El Dorado, Arkansas",0
MWV,MeadWestvaco Corporation,Materials,Paper Packaging,"Richmond, Virginia",0
MYL,Mylan Inc.,Health Care,Pharmaceuticals,"Canonsburg, Pennsylvania",0
NBL,Noble Energy Inc,Energy,Oil & Gas Exploration & Production,"Houston, Texas",0
NBR,Nabors Industries Ltd.,Energy,Oil & Gas Drilling,"Hamilton, Bermuda",0
NDAQ,NASDAQ OMX Group,Financials,Diversified Financial Services,"New York, New York",0
NE,Noble Corp,Energy,Oil & Gas Drilling,"Geneva, Switzerland",0
NEE,NextEra Energy Resources,Utilities,Multi-Utilities & Unregulated Power,"Juno Beach, Florida",0
NEM,Newmont Mining Corp. (Hldg. Co.),Materials,Gold,"Denver, Colorado",0
NFLX,NetFlix Inc.,Information Technology,Internet Software & Services,"Los Gatos, California",1
NFX,Newfield Exploration Co,Energy,Oil & Gas Exploration & Production,"Houston, Texas",0
NI,NiSource Inc.,Utilities,Multi-Utilities & Unregulated Power,"Merrillville, Indiana",0
NKE,NIKE Inc.,Consumer Discretionary,"Apparel, Accessories & Luxury Goods","Washington County, Oregon",0
NLSN,Nielsen Holdings,Industrials,Research & Consulting Services,"New York, New York",0
NOC,Northrop Grumman Corp.,Industrials,Aerospace & Defense,"West Falls Church, Virginia",0
NOV,National Oilwell Varco Inc.,Energy,Oil & Gas Equipment & Services,"Houston, Texas",0
NRG,NRG Energy,Utilities,Multi-Utilities & Unregulated Power,"Princeton, New Jersey",0
NSC,Norfolk Southern Corp.,Industrials,Railroads,"Norfolk, Virginia",0
NTAP,NetApp,Information Technology,Internet Software & Services,"Sunnyvale, California",1
NTRS,Northern Trust Corp.,Financials,Diversified Financial Services,"Chicago, Illinois",0
NU,Northeast Utilities,Utilities,Multi-Utilities & Unregulated Power,"Berlin, Connecticut",0
NUE,Nucor Corp.,Materials,Steel,"Charlotte, North Carolina",0
NVDA,Nvidia Corporation,Information Technology,Semiconductors,"Santa Clara, California",0
NWL,Newell Rubbermaid Co.,Consumer Discretionary,Housewares & Specialties,"Sandy Springs, Georgia",0
NWSA,News Corporation,Consumer Discretionary,Publishing,"New York, New York",0
NYX,NYSE Euronext,Financials,Diversified Financial Services,"New York, New York",0
OI,Owens-Illinois Inc,Materials,Metal & Glass Containers,"Perrysburg, Ohio",0
OKE,ONEOK,Utilities,Gas Utilities,"Tulsa, Oklahoma",0
OMC,Omnicom Group,Consumer Discretionary,Advertising,"New York, New York",0
ORCL,Oracle Corp.,Information Technology,Application Software,"Redwood Shores, California",0
ORLY,O'Reilly Automotive,Consumer Discretionary,Specialty Stores,"Springfield, Missouri",0
OXY,Occidental Petroleum,Energy,Oil & Gas Exploration & Production,"Los Angeles, California",0
PAYX,Paychex Inc.,Information Technology,Internet Software & Services,"Penfield, New York",1
PBCT,People's United Bank,Financials,Banks,"Bridgeport, Connecticut",0
PBI,Pitney-Bowes,Industrials,Data Processing Services,"Stamford, Connecticut",0
PCAR,PACCAR Inc.,Industrials,Construction & Farm Machinery & Heavy Trucks,"Bellevue, Washington",0
PCG,P G & E Corp.,Utilities,Multi-Utilities & Unregulated Power,"San Francisco, California",0
PCL,Plum Creek Timber Co.,Financials,REITs,"Seattle, Washington",0
PCLN,Priceline.com Inc,Consumer Discretionary,"Hotels, Resorts & Cruise Lines","Norwalk, Connecticut",0
PCP,Precision Castparts,Industrials,Industrial Conglomerates,"Portland, Oregon",0
PDCO,Patterson Companies,Health Care,Health Care Supplies,"St. Paul, Minnesota",0
PEG,Public Serv. Enterprise Inc.,Utilities,Multi-Utilities & Unregulated Power,"Newark, New Jersey",0
PEP,PepsiCo Inc.,Consumer Staples,Soft Drinks,"Purchase, New York",0
PETM,"PetSmart, Inc.",Consumer Discretionary,Specialty Stores,"Phoenix, Arizona",0
PFE,Pfizer Inc.,Health Care,Pharmaceuticals,"New York, New York",0
PFG,Principal Financial Group,Financials,Diversified Financial Services,"Des Moines, Iowa",0
PG,Procter & Gamble,Consumer Staples,Personal Products,"Cincinnati, Ohio",0
PGR,Progressive Corp.,Financials,Property & Casualty Insurance,"Mayfield Village, Ohio",0
PH,Parker-Hannifin,Industrials,Industrial Conglomerates,"Cleveland, Ohio",0
PHM,Pulte Homes Inc.,Consumer Discretionary,Homebuilding,"Bloomfield Hills, Michigan",0
PKI,PerkinElmer,Health Care,Health Care Equipment & Services,"Waltham, Massachusetts",0
PLD,Prologis,Financials,Diversified Financial Services,"San Francisco, California",0
PLL,Pall Corp.,Industrials,Industrial Conglomerates,"Port Washington, New York",0
PM,Philip Morris International,Consumer Staples,Tobacco,"New York, New York",0
PNC,PNC Financial Services,Financials,Banks,"Pittsburgh, Pennsylvania",0
PNR,Pentair Ltd.,Industrials,Industrial Conglomerates,"Schaffhausen, Switzerland",0
PNW,Pinnacle West Capital,Utilities,Multi-Utilities & Unregulated Power,"Phoenix, Arizona",0
POM,Pepco Holdings Inc.,Utilities,Multi-Utilities & Unregulated Power,Washington D.C,0
PPG,PPG Industries,Materials,Diversified Chemicals,"Pittsburgh, Pennsylvania",0
PPL,PPL Corp.,Utilities,Multi-Utilities & Unregulated Power,"Allentown, Pennsylvania",0
PRGO,Perrigo,Health Care,Pharmaceuticals,"Allegan, Michigan",0
PRU,Prudential Financial,Financials,Diversified Financial Services,"Newark, New Jersey",0
PSA,Public Storage,Financials,REITs,"Glendale, California",0
PSX,Phillips 66,Energy,Oil & Gas Refining & Marketing & Transportation,"Houston, Texas",0
PVH,PVH Corp.,Consumer Discretionary,"Apparel, Accessories & Luxury Goods","New York, New York",0
PWR,Quanta Services Inc.,Industrials,Industrial Conglomerates,"Houston, Texas",0
PX,Praxair Inc.,Materials,Industrial Gases,"Danbury, Connecticut",0
PXD,Pioneer Natural Resources,Energy,Oil & Gas Exploration & Production,"Irving, Texas",0
QCOM,QUALCOMM Inc.,Information Technology,Semiconductors,"San Diego, California",0
QEP,QEP Resources,Energy,Oil & Gas Exploration & Production,"Denver, Colorado[5]",0
R,Ryder System,Industrials,Industrial Conglomerates,"Miami, Florida",0
RAI,Reynolds American Inc.,Consumer Staples,Tobacco,"Winston-Salem, North Carolina",0
RDC,Rowan Cos.,Energy,Oil & Gas Drilling,"Houston, Texas",0
REGN,Regeneron,Health Care,Biotechnology,"Tarrytown, New York",0
RF,Regions Financial Corp.,Financials,Diversified Financial Services,"Birmingham, Alabama",0
RHI,Robert Half International,Industrials,Industrial Conglomerates,"Menlo Park, California",0
RHT,Red Hat Inc.,Information Technology,Systems Software,"Raleigh, North Carolina",1
RL,Polo Ralph Lauren Corp.,Consumer Discretionary,"Apparel, Accessories & Luxury Goods","New York, New York",0
ROK,Rockwell Automation Inc.,Industrials,Industrial Conglomerates,"Milwaukee, Wisconsin",0
ROP,Roper Industries,Industrials,Industrial Conglomerates,"Sarasota, Florida",0
ROST,Ross Stores,Consumer Discretionary,Apparel Retail,"Pleasanton, California",0
RRC,Range Resources Corp.,Energy,Oil & Gas Exploration & Production,"Fort Worth, Texas",0
RSG,Republic Services Inc,Industrials,Industrial Conglomerates,"Phoenix, Arizona",0
RTN,Raytheon Co.,Industrials,Aerospace & Defense,"Waltham, Massachusetts",0
SAIC,SAIC,Industrials,Aerospace & Defense,"McLean, Virginia",0
SBUX,Starbucks Corp.,Consumer Discretionary,Restaurants,"Seattle, Washington",0
SCG,SCANA Corp,Utilities,Multi-Utilities & Unregulated Power,"Cayce, South Carolina",0
SCHW,Charles Schwab,Financials,Diversified Financial Services,"San Francisco, California",0
SE,Spectra Energy Corp.,Energy,Oil & Gas Refining & Marketing & Transportation,"Houston, Texas",0
SEE,Sealed Air Corp.(New),Materials,Paper Packaging,"Elmwood Park, New Jersey",0
SHW,Sherwin-Williams,Materials,,"Cleveland, Ohio",0
SIAL,Sigma-Aldrich,Materials,Diversified Chemicals,"St. Louis, Missouri",0
SJM,Smucker (J.M.),Consumer Staples,Packaged Foods & Meats,"Orrville, Ohio",0
SLB,Schlumberger Ltd.,Energy,Oil & Gas Equipment & Services,"Houston, Texas",0
SLM,SLM Corporation,Financials,Diversified Financial Services,"Newark, Delaware",0
SNA,Snap-On Inc.,Consumer Discretionary,Household Appliances,"Kenosha, Wisconsin",0
SNDK,SanDisk Corporation,Information Technology,Computer Storage & Peripherals,"Milpitas, California",0
SNI,Scripps Networks Interactive Inc.,Consumer Discretionary,Broadcasting & Cable TV,"Cincinnati, Ohio",0
SO,Southern Co.,Utilities,Multi-Utilities & Unregulated Power,"Atlanta, Georgia",0
SPG,Simon Property Group Inc,Financials,REITs,"Indianapolis, Indiana",0
SPLS,Staples Inc.,Consumer Discretionary,Specialty Stores,"Framingham, Massachusetts",0
SRCL,Stericycle Inc,Industrials,Industrial Conglomerates,"Lake Forest, Illinois",0
SRE,Sempra Energy,Utilities,Multi-Utilities & Unregulated Power,"San Diego, California",0
STI,SunTrust Banks,Financials,Banks,"Atlanta, Georgia",0
STJ,St Jude Medical,Health Care,Health Care Equipment & Services,"Little Canada, Minnesota",0
STT,State Street Corp.,Financials,Diversified Financial Services,"Boston, Massachusetts",0
STX,Seagate Technology,Information Technology,Computer Storage & Peripherals,"Dublin, Ireland",0
STZ,Constellation Brands,Consumer Staples,Distillers & Vintners,"Victor, New York",0
SWK,Stanley Black & Decker,Consumer Discretionary,Household Appliances,"New Britain, Connecticut",0
SWN,Southwestern Energy,Energy,Oil & Gas Exploration & Production,"Houston, Texas[6]",0
SWY,Safeway Inc.,Consumer Staples,Food Retail,"Pleasanton, California",0
SYK,Stryker Corp.,Health Care,Health Care Equipment & Services,"Kalamazoo, Michigan",0
SYMC,Symantec Corp.,Information Technology,Application Software,"Mountain View, California",0
SYY,Sysco Corp.,Consumer Staples,Food Distributors,"Houston, Texas",0
T,AT&T Inc,Telecommunications Services,Integrated Telecommunications Services,"Dallas, Texas",0
TAP,Molson Coors Brewing Company,Consumer Staples,Brewers,"Denver, Colorado",0
TDC,Teradata Corp.,Information Technology,Application Software,"Miamisburg, Ohio",0
TE,TECO Energy,Utilities,Multi-Utilities & Unregulated Power,"Tampa, Florida",0
TEG,Integrys Energy Group Inc.,Utilities,Gas Utilities,"Chicago, Illinois",0
TEL,TE Connectivity Ltd.,Information Technology,Electronic Equipment & Instruments,"Schaffhausen, Switzerland",0
TER,Teradyne Inc.,Information Technology,Semiconductor Equipment,"North Reading, Massachusetts",0
TGT,Target Corp.,Consumer Discretionary,General Merchandise Stores,"Minneapolis, Minnesota",0
THC,Tenet Healthcare Corp.,Health Care,Health Care Facilities,"Dallas, Texas",0
TIF,Tiffany & Co.,Consumer Discretionary,"Apparel, Accessories & Luxury Goods","New York, New York",0
TJX,TJX Companies Inc.,Consumer Discretionary,Apparel Retail,"Framingham, Massachusetts",0
TMK,Torchmark Corp.,Financials,Life & Health Insurance,"McKinney, Texas",0
TMO,Thermo Fisher Scientific,Health Care,Health Care Equipment & Services,"Waltham, Massachusetts",0
TRIP,TripAdvisor,Consumer Discretionary,"Hotels, Resorts & Cruise Lines","Newton, Massachusetts",0
TROW,T. Rowe Price Group,Financials,Diversified Financial Services,"Baltimore, Maryland",0
TRV,The Travelers Companies Inc.,Financials,Property & Casualty Insurance,"New York, New York",0
TSN,Tyson Foods,Consumer Staples,Packaged Foods & Meats,"Springdale, Arkansas",0
TSO,Tesoro Petroleum Co.,Energy,Oil & Gas Refining & Marketing & Transportation,"San Antonio, Texas",0
TSS,Total System Services,Information Technology,Internet Software & Services,"Columbus, Georgia",1
TWC,Time Warner Cable Inc.,Consumer Discretionary,Broadcasting & Cable TV,"New York, New York",0
TWX,Time Warner Inc.,Consumer Discretionary,Broadcasting & Cable TV,"New York, New York",0
TXN,Texas Instruments,Information Technology,Semiconductors,"Dallas, Texas",0
TXT,Textron Inc.,Industrials,Industrial Conglomerates,"Providence, Rhode Island",0
TYC,Tyco International,Industrials,Industrial Conglomerates,"Schaffhausen, Switzerland",0
UNH,United Health Group Inc.,Health Care,Managed Health Care,"Minnetonka, Minnesota",0
UNM,Unum Group,Financials,Diversified Financial Services,"Chattanooga, Tennessee",0
UNP,Union Pacific,Industrials,Railroads,"Omaha, Nebraska",0
UPS,United Parcel Service,Industrials,Air Freight & Logistics,"Atlanta, Georgia",0
URBN,Urban Outfitters,Consumer Discretionary,Apparel Retail,"Philadelphia, Pennsylvania",0
USB,U.S. Bancorp,Financials,Banks,"Minneapolis, Minnesota",0
UTX,United Technologies,Industrials,Industrial Conglomerates,"Hartford, Connecticut",0
V,Visa Inc.,Information Technology,Internet Software & Services,"San Francisco, California",0
VAR,Varian Medical Systems,Health Care,Health Care Equipment & Services,"Palo Alto, California",0
VFC,V.F. Corp.,Consumer Discretionary,"Apparel, Accessories & Luxury Goods","Greensboro, North Carolina",0
VIAB,Viacom Inc.,Consumer Discretionary,Broadcasting & Cable TV,"New York, New York",0
VLO,Valero Energy,Energy,Oil & Gas Refining & Marketing & Transportation,"San Antonio, Texas",0
VMC,Vulcan Materials,Materials,Construction Materials,"Birmingham, Alabama",0
VNO,Vornado Realty Trust,Financials,REITs,"New York, New York",0
VRSN,Verisign Inc.,Information Technology,Internet Software & Services,"Dulles, Virginia",1
VTR,Ventas Inc,Financials,Diversified Financial Services,"Chicago, Illinois",0
VZ,Verizon Communications,Telecommunications Services,Integrated Telecommunications Services,"New York, New York",0
WAG,Walgreen Co.,Consumer Staples,Drug Retail,"Deerfield, Illinois",0
WAT,Waters Corporation,Health Care,Health Care Distributors & Services,"Milford, Massachusetts",0
WDC,Western Digital,Information Technology,Computer Storage & Peripherals,"Irvine, California",0
WEC,Wisconsin Energy Corporation,Utilities,Multi-Utilities & Unregulated Power,"Milwaukee, Wisconsin",0
WFC,Wells Fargo,Financials,Banks,"San Francisco, California",0
WFM,Whole Foods Market,Consumer Staples,Food Retail,"Austin, Texas",0
WHR,Whirlpool Corp.,Consumer Discretionary,Household Appliances,"Benton Harbor, Michigan",0
WIN,Windstream Communications,Telecommunications Services,Integrated Telecommunications Services,"Little Rock, Arkansas",0
WLP,WellPoint Inc.,Health Care,Managed Health Care,"Indianapolis, Indiana",0
WM,Waste Management Inc.,Industrials,Environmental Services,"Houston, Texas",0
WMB,Williams Cos.,Energy,Oil & Gas Exploration & Production,"Tulsa, Oklahoma",0
WMT,Wal-Mart Stores,Consumer Staples,Hypermarkets & Super Centers,"Bentonville, Arkansas",0
WPO,Washington Post Co B,Consumer Discretionary,Publishing,Washington D.C,0
WPX,"WPX Energy, Inc.",Energy,Integrated Oil & Gas,"Tulsa, Oklahoma",0
WU,Western Union Co,Information Technology,Internet Software & Services,"Englewood, Colorado",0
WY,Weyerhaeuser Corp.,Financials,REITs,"Federal Way, Washington",0
WYN,Wyndham Worldwide,Consumer Discretionary,"Hotels, Resorts & Cruise Lines","Parsippany, New Jersey",0
WYNN,Wynn Resorts Ltd,Consumer Discretionary,Casinos & Gaming,"Las Vegas, Nevada",0
X,United States Steel Corp.,Materials,Steel,"Pittsburgh, Pennsylvania",0
XEL,Xcel Energy Inc,Utilities,Multi-Utilities & Unregulated Power,"Minneapolis, Minnesota",0
XL,XL Capital,Financials,Property & Casualty Insurance,"Hamilton, Bermuda",0
XLNX,Xilinx Inc,Information Technology,Semiconductors,"San Jose, California",0
XOM,Exxon Mobil Corp.,Energy,Integrated Oil & Gas,"Irving, Texas",0
XRAY,Dentsply International,Health Care,Health Care Supplies,"York, Pennsylvania",0
XRX,Xerox Corp.,Information Technology,IT Consulting & Services,"Norwalk, Connecticut",1
XYL,Xylem Inc.,Industrials,Industrial Conglomerates,"White Plains, New York",0
YHOO,Yahoo Inc.,Information Technology,Internet Software & Services,"Sunnyvale, California",1
YUM,Yum! Brands Inc,Consumer Discretionary,Restaurants,"Louisville, Kentucky",0
ZION,Zions Bancorp,Financials,Banks,"Salt Lake City, Utah",0
ZMH,Zimmer Holdings,Health Care,Health Care Equipment & Services,"Warsaw, Indiana",0
ZTS,Zoetis,Health Care,Pharmaceuticals,"Florham Park, New Jersey",0
